{
    "Linear_Regression": {
        "r2": 0.723157120005874,
        "mse": 2.8813876940651926
    },
    "Huber_Regressor": {
        "r2": 0.7231795727923549,
        "mse": 2.881154004895853
    },
    "Polynomial_Reg": {
        "r2": 0.7233025739031279,
        "mse": 2.8798738062252376
    },
    "XGBoost": {
        "r2": 0.7017726898193359,
        "mse": 3.1039576530456543
    }
}